ID,est_counts,tpm
ENSG00000111671,169.4696384318786,0.8492994040675662
ENSG00000083635,3070.0,4.504173270601718
ENSG00000049192,7182.379420357413,4.8315701029423685
ENSG00000141232,6671.06954254455,16.06026396919678
ENSG00000060138,15669.259823239569,51.28014630433295
ENSG00000180660,1867.0,3.198072932508022
ENSG00000077458,1401.8246639651138,1.8005627752805375
ENSG00000106635,193.11098454510142,0.7996798749988902
ENSG00000106636,5407.910512030581,25.36054598216748
ENSG00000106633,106.95647450433763,0.3669933933507358
ENSG00000106638,4154.204633906418,6.7898847414097885
ENSG00000159082,506.3260155897594,0.35855046250875305
ENSG00000159086,2342.702991672055,2.9744397056686425
ENSG00000196611,399963.9973890065,1108.591325827404
ENSG00000198168,17.625655432171428,0.2557346104604942
ENSG00000147883,2348.214305846077,3.0500006691142367
ENSG00000113387,1815.695230796049,13.25911437065726
ENSG00000113384,35580.01174906034,68.54434739675293
ENSG00000187024,47.29949107404438,0.4477634089149844
ENSG00000008441,14709.471669171824,24.19207403099131
ENSG00000125843,839.3566189776246,2.5050123027738023
ENSG00000167107,213.03885842357738,0.6798518533350713
ENSG00000167106,8257.481373818968,10.082179807156916
ENSG00000167105,99.68530916583556,0.18852087685128113
ENSG00000167103,252.74796859127235,0.6182026869783925
ENSG00000056586,14844.040306541094,7.833973169745097
ENSG00000159128,6187.9221097438585,14.957832206776361
ENSG00000253251,517.7620876827156,1.6292737183809818
ENSG00000120519,1043.3100013536598,1.4188158736733003
ENSG00000170522,2772.4985225098594,2.1230314234786696
ENSG00000198553,72.31786774175279,0.2514129319550506
ENSG00000136950,1466.7818667742322,3.0946485356642963
ENSG00000105401,28636.07375901077,100.65966229419185
ENSG00000111640,426134.5259011549,1250.534662120108
ENSG00000111642,3877.563784941342,2.9220684731065463
ENSG00000166523,48.54990564250913,0.12118605963844721
ENSG00000103037,421.5772727890889,1.121330025019344
ENSG00000173545,6944.0,22.867310905774882
ENSG00000102763,9118.968970539237,6.280349897725499
ENSG00000102760,755.7736377980062,5.1100359127827595
ENSG00000136856,415.624409374305,1.03039801781366
ENSG00000136854,525.7196792688029,0.6725254331012713
ENSG00000136859,56947.826526344936,78.34261274931309
ENSG00000145390,212.10060350291326,0.2531708006429689
ENSG00000145391,756.1598310952927,2.6698726827749666
ENSG00000170647,458.0,1.2821856534387426
ENSG00000156299,2437.710653472287,1.6660640045504345
ENSG00000136848,36.18797759325744,0.22962546678230542
ENSG00000158604,15192.212596517224,34.92625690627425
ENSG00000153944,291.78107910447045,0.9509641351145905
ENSG00000117151,2005.4532106338631,1.5003144632677026
ENSG00000117155,3229.8998927589605,2.747814278889142
ENSG00000171984,61.21568371888786,0.8777427356924481
ENSG00000175155,59.060736139980506,1.1941180432415779
ENSG00000102900,11472.454205758948,21.923462024497436
ENSG00000196159,27781.86918235739,8.308152097457226
ENSG00000196152,910.8696795785296,2.3748405292955197
ENSG00000148308,8244.771324603085,18.2130405098242
ENSG00000095066,157.7452350619967,0.3319286940600116
ENSG00000083520,3442.479384554351,1.5786524445192374
ENSG00000167283,29809.55306321389,107.24790471200664
ENSG00000162623,467.88423467987707,0.7214891477834375
ENSG00000169902,11222.840276212251,28.661910085047577
ENSG00000182628,7390.8282412976605,13.806629788850168
ENSG00000037474,14233.015555223707,22.178337170918955
ENSG00000095261,76.10418938851498,1.1442378279616086
ENSG00000042429,5538.983002688688,5.693355430327832
ENSG00000171867,47008.746742352894,92.97793092051133
ENSG00000172007,31.104798770741816,0.4594410508223292
ENSG00000166292,577.0773353024064,1.839101186100994
ENSG00000136147,218.58377243954402,1.417320836925997
ENSG00000136146,160.82442992774503,3.5028086076471237
ENSG00000136141,5849.5167877779495,6.234045857897119
ENSG00000117069,2591.2307122819975,3.5198251446877324
ENSG00000150907,2717.8349486350653,2.3543972632724848
ENSG00000139734,7486.26240656511,7.813401394019929
ENSG00000051108,1478.5699846682596,2.6099845869501053
ENSG00000112406,10884.491540589011,9.642009351094787
ENSG00000184863,760.92392401228,3.1510146865606696
ENSG00000167807,279.60840408290863,0.7813894259706657
ENSG00000158321,1891.9266707159877,1.577022432410772
ENSG00000159055,2323.001861464354,8.370320499214998
ENSG00000129103,2342.493240062985,7.800706053916008
ENSG00000132434,4977.981741113774,5.7677606336804015
ENSG00000132436,546.4075896257898,0.8069061082906596
ENSG00000132432,1175.6945067359854,25.705818828544384
ENSG00000105576,5526.857619149645,5.391222604181882
ENSG00000249773,288.6467671425018,0.929258310518635
ENSG00000088766,3311.5334946218063,4.24657530252435
ENSG00000239590,27.0,0.18736226059346614
ENSG00000198003,88.78842915425307,0.22785988643640837
ENSG00000181610,5712.808996984211,5.054076883994115
ENSG00000108375,135.0,0.12181860818882796
ENSG00000142149,10578.639583111335,7.042335092961215
ENSG00000138709,2564.580519706988,2.6263826155504293
ENSG00000172425,29.742417464471014,0.229188115903213
ENSG00000196715,21803.41228949453,18.338636725004
ENSG00000197044,81.92778339003154,1.2653632334282499
ENSG00000101361,13919.583104490992,30.83507833589352
ENSG00000123213,10739.750612455642,6.063879223731837
ENSG00000123219,709.5423410897763,2.339844626400298
ENSG00000149231,6454.7749812161255,11.415261127207133
ENSG00000213809,49.33145364783607,0.18077326999367055
ENSG00000170153,6500.17575296146,3.2303303343307244
ENSG00000120658,3464.229617686454,6.034262738870382
ENSG00000125170,3026.8095066116443,5.538724435488441
ENSG00000171681,1009.4930052760338,2.348089434685832
ENSG00000083642,5133.05824789529,3.3642707750736385
ENSG00000146757,1509.5795928831262,2.4263890257067953
ENSG00000136492,2580.1441477618305,2.114284676595508
ENSG00000122515,4337.782466564364,5.855389466869713
ENSG00000067248,21161.326586525563,23.657790252999863
ENSG00000174599,955.0,2.567500864331055
ENSG00000060140,104.4779404228532,0.18112325550740122
ENSG00000065243,491.71965464487954,0.9828085051753636
ENSG00000196526,6836.353984306948,4.491801661628596
ENSG00000160613,14354.137894184089,15.510266512349451
ENSG00000152620,2491.5466544778874,3.5225913393464405
ENSG00000009844,1226.600108494475,0.8596248592487408
ENSG00000011426,34898.85561932785,36.560615592958534
ENSG00000180891,5697.566586488319,8.038548726253829
ENSG00000223547,2587.8942810417916,1.9299621776882598
ENSG00000113407,29183.438166117874,60.84133461720574
ENSG00000089057,11431.50828299705,8.11207679038978
ENSG00000106153,53725.56346495174,396.6041175084865
ENSG00000110172,3144.001904940669,6.226263702959261
ENSG00000166323,53.82329891702511,0.2541644513786836
ENSG00000088876,155.53971521961583,0.2532638043830811
ENSG00000109390,41.250785176969046,0.5258371646076108
ENSG00000108443,650.4226557399251,1.210273587432569
ENSG00000164236,33.99048244197807,0.12100525661038272
ENSG00000164237,37.36259070307222,0.874733343681842
ENSG00000204977,71.49090606924653,0.7802994278015188
ENSG00000097007,8415.468455075947,11.197208069827953
ENSG00000095319,23835.61962401086,20.82314202361362
ENSG00000170390,1019.9775598087723,1.2077577796409737
ENSG00000087053,2113.1214665720277,2.2667983121526833
ENSG00000171448,3051.584313246174,3.4596887417660445
ENSG00000086827,7615.458407814942,13.216668750232524
ENSG00000071462,11.877391794457987,0.260698231992615
ENSG00000088682,115.0333629381616,0.34790645956531935
ENSG00000078967,584.4613802180079,4.694032811336158
ENSG00000256043,4776.0,8.405617058401855
ENSG00000130811,33958.41349183694,190.7335184511361
ENSG00000130810,3248.001789126963,11.017188010932326
ENSG00000130813,211.86104433691892,0.8357446990633809
ENSG00000130816,103.10650491347141,0.1725053244940884
ENSG00000126883,8148.941788174357,5.265988389868538
ENSG00000086200,40.49165176014659,0.5821990370686267
ENSG00000102753,27783.54415455909,31.267554770313243
ENSG00000078237,5938.298826758867,11.163524401720249
ENSG00000112379,2589.0883316281465,0.8402586446705103
ENSG00000118922,11820.107891365897,5.403231051058374
ENSG00000138660,5159.836906261385,9.259780500528223
ENSG00000149968,33360.87544726716,90.04732444738796
ENSG00000145632,17279.406755064167,30.343700350498512
ENSG00000213297,854.5687104805772,1.6944778027960863
ENSG00000197256,47629.958832454584,46.082079536584935
ENSG00000160877,209.27998044859999,3.505100998986432
ENSG00000141179,2830.0131528610204,7.518964331633989
ENSG00000205403,442.43750356766066,0.9949671467892944
ENSG00000196646,10.14044306535702,0.20954706847848614
ENSG00000203943,98.24161872095847,0.3561515203659284
ENSG00000187556,17.8770316629996,0.41169708224472396
ENSG00000161860,102.19271406223692,0.4984506052692885
ENSG00000061918,247.98092549467202,0.5717600502932372
ENSG00000102547,251.10499208888442,0.34857620741373374
ENSG00000180773,4332.601425569562,3.5725398730439943
ENSG00000062582,10405.124324637805,109.82175871567387
ENSG00000109572,37.11312903442932,0.5368409788278327
ENSG00000164543,1596.027388084564,17.54003975481142
ENSG00000102931,33156.491996952405,84.04468177358767
ENSG00000167157,14340.0,64.62865695677777
ENSG00000185917,259.21559977313007,0.3064024794918925
ENSG00000173928,221.62953600709562,0.7375279368011202
ENSG00000130449,6255.561165599939,5.660918965774363
ENSG00000171223,12820.433177305902,38.947867171744754
ENSG00000220201,45.38114636069371,0.5784882209290239
ENSG00000148339,1752.9707740008137,2.621332703020611
ENSG00000148337,195.1333330148273,2.0148596153653306
ENSG00000148335,43.14714334583531,0.1666041855434786
ENSG00000148334,4708.332754931131,10.77725767357331
ENSG00000095059,17.680317507512232,0.2788651977075895
ENSG00000035499,1321.12660545317,2.797293621377665
ENSG00000170903,56.190269623420704,0.35559586488246875
ENSG00000020922,2328.3871310685768,1.6639779097688419
ENSG00000184226,450.06837959392277,0.3573265068345361
ENSG00000110344,20965.51927343325,17.018408412445144
ENSG00000109436,10770.927796075326,10.123607459755501
ENSG00000182670,1503.5469070373938,13.95941350700694
ENSG00000104957,176.4128151781995,1.1361160897476796
ENSG00000084444,3747.1436606464117,3.907450111295498
ENSG00000166012,4762.172797473113,9.902021977777215
ENSG00000204370,22606.59029835078,90.83964616413483
ENSG00000137727,1228.361950231786,0.9826433641375228
ENSG00000137720,615.8829607213993,10.315042921238666
ENSG00000154710,4252.543813393962,8.421578609405596
ENSG00000136802,14575.915933151626,16.88020474085754
ENSG00000197860,10266.16614851703,9.34733691491869
ENSG00000136807,147.81705123298767,1.5775941254024366
ENSG00000141837,747.9427806398015,0.4240192586708959
ENSG00000136114,855.6681105545725,1.3851940913055723
ENSG00000188868,584.584526903242,1.111301680991833
ENSG00000181381,513.6628390833728,0.7496830404929357
ENSG00000099795,23.226628630000967,0.39544775059848203
ENSG00000099797,19.628315898708486,0.39095574746697254
ENSG00000079999,2921.727383572801,5.140245908116437
ENSG00000184384,14460.601821983073,10.018830337519102
ENSG00000196313,4873.909309896203,3.4243281908900145
ENSG00000164125,888.7248655062838,0.9083769264095248
ENSG00000198642,23073.538592307083,20.0797303927036
ENSG00000171097,53.82623454033501,0.13949376548857736
ENSG00000142875,13159.059499941497,14.673437460655416
ENSG00000024862,76.99016847977695,0.2951206231159975
ENSG00000073910,2223.008996137536,1.011217222514208
ENSG00000137947,6839.478335302307,29.696304778564517
ENSG00000137941,617.6338567555487,0.3800253449894401
ENSG00000269242,181.88818237944875,1.488531843039429
ENSG00000122417,1152.2062565715535,0.7486547158444617
ENSG00000183691,1008.0,2.9272959430109236
ENSG00000183696,26.66938688820186,0.20890104625997166
ENSG00000123178,3198.1987943027348,5.429339710387034
ENSG00000123179,399.05581775200267,3.430628317322145
ENSG00000125817,27202.92140672393,49.99041240607034
ENSG00000159216,23375.366395541398,15.807484850151518
ENSG00000120669,43.74229464903834,0.10726689737239968
ENSG00000120662,715.02674454124,1.7607025447220679
ENSG00000125107,22857.101531903118,13.204149131756186
ENSG00000136197,272.8158305576324,0.5902931515946701
ENSG00000130734,531.9557127699981,1.6896271394999125
ENSG00000130733,3353.845635731106,12.318586316782277
ENSG00000145425,403030.76510974386,2829.8819951702585
ENSG00000145423,7016.0,18.766682572959816
ENSG00000089692,115.50480689678167,0.23532265312067546
ENSG00000068796,3554.1232487336874,7.393355703563571
ENSG00000269693,638.3932094855677,0.5409743246194371
ENSG00000102786,220.92394171164477,2.422457319969016
ENSG00000132004,60.36183295276786,0.21651122059495478
ENSG00000132005,2728.2260264503943,3.177366632994615
ENSG00000132000,258.72161279685474,1.5066674261360242
ENSG00000132002,31505.49739491035,74.52432243441986
ENSG00000132003,2373.2062628290523,2.75915971756707
ENSG00000168818,299.8054791301651,1.2680695343599349
ENSG00000152611,17.678325953792093,0.1124760710587221
ENSG00000173852,16361.929845030672,16.83252693965128
ENSG00000123136,398.0795804621092,1.2147919693595732
ENSG00000178163,8760.169905459517,6.263270900321097
ENSG00000082196,548.9976903678692,1.023956748308788
ENSG00000086991,115.44139955514156,0.1395148901056432
ENSG00000197933,1056.905845948004,2.316413115462098
ENSG00000113456,3867.844093892709,3.3293465184050004
ENSG00000089063,94.97355796623677,0.3526576662147419
ENSG00000183340,141.40724117112822,1.402750738234156
ENSG00000137944,111.39649126192597,0.3148304444776453
ENSG00000154945,21210.398140407113,25.633493504575597
ENSG00000155016,5507.997127712408,5.576928069883408
ENSG00000097033,41432.52155632587,32.157610968610264
ENSG00000136935,9447.497580235773,9.8451789401531
ENSG00000136930,49.766985458006694,0.3331674005829911
ENSG00000136933,3848.4116969281918,15.118276021189132
ENSG00000108389,221.49928088945327,0.19592212557508779
ENSG00000108384,443.2647423723822,4.489310249703935
ENSG00000076662,55.091383810150354,0.145312505044211
ENSG00000050730,972.8046009421711,2.139005968676487
ENSG00000187239,5541.352061208671,5.120075499552495
ENSG00000097096,627.1988888168527,0.5663901319304354
ENSG00000124279,1251.6276390933776,2.7700563170812487
ENSG00000255292,19.930813895666496,0.3023807040839586
ENSG00000243927,792.5518881213263,5.778715498750105
ENSG00000179387,9923.751510718082,11.343067914579274
ENSG00000122545,17588.458303809257,62.94508856552102
ENSG00000122547,1007.0047736660779,1.0601046826748304
ENSG00000110777,196.25019847307772,0.30660892020259994
ENSG00000138650,564.3755227705941,0.3253168945825977
ENSG00000138658,1662.3315680181995,1.2335048025350948
ENSG00000118971,885.0,0.6748537720401119
ENSG00000118972,2822.6323111097904,4.8525410760944565
ENSG00000153904,3541.9044952991935,4.602956932627509
ENSG00000213246,574.8671484540347,2.386796433078387
ENSG00000150768,4073.4104178586913,4.601674330731842
ENSG00000150764,91.31610439790457,0.25685487557085396
ENSG00000182993,154.0,0.5124736725692381
ENSG00000170088,3041.520809006365,1.479437066978884
ENSG00000133111,1263.0,2.929132464504358
ENSG00000133110,97882.07619599758,157.1156513572651
ENSG00000133112,38832.38282807643,218.62669375450764
ENSG00000133114,4181.16323766129,17.482205661440688
ENSG00000133119,3273.92892280089,7.2457392366700715
ENSG00000139180,1092.5116188126806,20.5401043953321
ENSG00000139182,166.53877167398304,2.4961874273849443
ENSG00000139187,27.10599375605433,0.38100023537630184
ENSG00000113360,3284.7536487253788,3.087955500158548
ENSG00000113361,575.1690980580848,1.1809437800885572
ENSG00000111276,80.87187861705294,1.8102203240854793
ENSG00000153006,8240.961442789945,5.908077989962151
ENSG00000062716,6.016882367460794,0.5006026097475655
ENSG00000186318,8574.701905478913,6.704562329545825
ENSG00000197386,23659.569289321258,8.49359571916907
ENSG00000187867,202.7781804595803,0.4801381304138301
ENSG00000143013,7443.804353507734,6.86185899320352
ENSG00000137692,50.475353449200796,0.4354799170899655
ENSG00000137693,1319.5600869182765,2.9327145594984274
ENSG00000137691,580.6109877527317,1.4238013743051106
ENSG00000171497,9743.78514889594,29.54440171316457
ENSG00000171492,40.477994774084024,0.5753657644400503
ENSG00000141367,89659.95085091518,84.505872374915
ENSG00000270617,23.534563092617297,0.20796256799880566
ENSG00000110318,2503.5854375675403,1.7517143017967456
ENSG00000162645,459.69179736863646,0.6360827130681046
ENSG00000162642,2222.862926908486,3.366436140625782
ENSG00000108510,27254.09951161596,12.668393796890285
ENSG00000149196,347.31440928318807,1.1477255702035067
ENSG00000139618,2516.272990674734,1.0179346389149204
ENSG00000185652,652.5682603385192,5.0203843153211665
ENSG00000101333,124.21059674018665,1.6436037038144267
ENSG00000242852,703.555784544697,0.7175673466355278
ENSG00000160539,1517.296825222244,3.919316098598569
ENSG00000167081,3734.9651341177787,7.097366364354817
ENSG00000166979,64.26767765979358,0.2131194082634427
ENSG00000136444,6758.70571032802,14.127729548468281
ENSG00000137714,4944.173882436195,7.957691338086819
ENSG00000137713,1310.4512203212512,3.4091448558891475
ENSG00000137710,48.929231787293574,0.10094259566012785
ENSG00000166025,63.821847630548646,0.7638639131861076
ENSG00000080573,14596.550272961758,11.70629906501625
ENSG00000130158,225.2541826188484,1.078727349394677
ENSG00000130159,4340.328918332914,14.283238279171492
ENSG00000072071,2001.1192967312782,1.2500795281406971
ENSG00000136878,7.473611896875748,0.105633499035434
ENSG00000182919,735.7655470613743,0.9100619149567033
ENSG00000164163,28807.547903605497,37.31480265530351
ENSG00000118096,5308.8742744665,17.207954032669754
ENSG00000011143,1887.2062255929336,4.186460133558763
ENSG00000165209,3.355088415911093,0.18094135683188875
ENSG00000170006,1663.936325868969,0.7561774771646165
ENSG00000198673,386.1952347780987,0.47348445285587015
ENSG00000137504,6024.621264670592,7.02160961821279
ENSG00000137502,4856.504030034814,2.382544085352127
ENSG00000137500,2094.9719577607993,2.646448706269395
ENSG00000137501,2360.5083744970325,2.771564416084992
ENSG00000137509,15255.891381326841,25.560366254320858
ENSG00000117174,2062.291657563001,1.6806443124130097
ENSG00000167815,124.26942424657828,1.1209263325060728
ENSG00000039123,16086.23479634224,19.40122937776399
ENSG00000175175,262.5786329529408,0.19825283455283008
ENSG00000149305,45.86704375059421,0.124157025887364
ENSG00000149300,15.439213505907864,0.24503459137854067
ENSG00000149308,5994.993633877832,4.854706803333104
ENSG00000188393,311.1249140452762,3.112168335433759
ENSG00000073921,52658.71829700472,77.69108917955484
ENSG00000160961,97.38986483697913,0.30850890350046717
ENSG00000090339,2271.776234878507,3.6002600878512583
ENSG00000198356,321.4559148381625,1.3743461203214964
ENSG00000145555,31719.981013296507,19.343957742433865
ENSG00000108846,13.006514265391028,0.1545215594632823
ENSG00000108848,14101.40967235385,9.865051227459842
ENSG00000106991,44940.25115288888,76.42839732263486
ENSG00000106992,5444.807699256222,12.866528723564448
ENSG00000132646,24973.886441549716,109.1331547731558
ENSG00000109466,2463.3033800375197,4.063974887250073
ENSG00000104907,4175.7083905404625,10.517107291419816
ENSG00000169155,135.57503113080094,0.11500951758216099
ENSG00000213339,2232.6418824355183,8.069246126831054
ENSG00000241258,980.6976869284558,1.6151535069112883
ENSG00000123144,209.90404643102048,1.3647710418679773
ENSG00000154451,110.04064485516756,0.13547256094586238
ENSG00000011258,5371.0353410727175,4.973361360124824
ENSG00000125845,631.0,0.8955881375585214
ENSG00000159228,4059.3185206640374,56.58048728641908
ENSG00000171843,712.5585686401297,0.5190010577022409
ENSG00000215021,556.8208930320158,4.290731630070002
ENSG00000145375,1443.2549126057572,0.8690879654116384
ENSG00000173376,23753.454757512223,42.903548506191164
ENSG00000049167,387.6177393101571,0.9298672387618788
ENSG00000077254,18207.628376027915,21.231160802298962
ENSG00000180488,4132.427648477017,3.8979736529505598
ENSG00000164073,3227.089881546707,3.6010106653139564
ENSG00000106070,6855.149393456135,7.314000495889119
ENSG00000106077,104.29671956448475,0.3795529731006577
ENSG00000150961,69462.72153182862,87.37572788607956
ENSG00000110218,10771.682932837868,20.354749288081592
ENSG00000188483,8013.0,15.499860573390611
ENSG00000186222,2549.70475625155,8.903187739845492
ENSG00000213516,4100.35277872767,4.284244775989771
ENSG00000070761,5719.100441288168,24.76375066295399
ENSG00000178996,66.24925860597013,0.10907091124585169
ENSG00000159079,4.0,0.10431996410784426
ENSG00000174804,3789.3344852915875,2.523316357147478
ENSG00000146386,4375.985085719291,35.384812648203955
ENSG00000105514,4454.508868090326,5.264083617165229
ENSG00000139178,81.02733965336702,0.49304528421795607
ENSG00000107263,285.3792371259187,0.2323674331995343
ENSG00000113460,6494.94362802381,18.477184014506502
ENSG00000119403,4311.278147054903,5.135757523463648
ENSG00000119402,168.80728212678298,0.42247345430332206
ENSG00000196247,99.49718914728277,0.5880849612231358
ENSG00000177599,9.132231545183766,0.21943416178308567
ENSG00000136280,1582.2969379086262,4.352638731109439
ENSG00000205758,3288.535617112745,11.483074625223335
ENSG00000137628,4593.534730787221,3.7492521052676753
ENSG00000175854,170.00543484409894,3.6209368079775883
ENSG00000118113,90.1603014764025,0.15289418407237176
ENSG00000142871,238145.56633977295,556.1098002296574
ENSG00000104889,3953.5872348501625,20.687561702321272
ENSG00000130175,56858.70361050001,138.2879157429759
ENSG00000106588,20127.822308291437,77.7196166976471
ENSG00000112902,63119.13248629496,26.031456588918168
ENSG00000149256,8722.594490827541,3.011480973288786
ENSG00000122678,88.90037245117446,0.19297028206932315
ENSG00000254685,3817.839494706803,6.04638708159847
ENSG00000116791,446.7697223657199,1.5892963441049262
ENSG00000135597,166.40731342129908,0.18451705803088397
ENSG00000138684,18.0,0.22886656193974692
ENSG00000138685,21917.55146831035,15.956577086548554
ENSG00000138686,5569.316043773428,7.562972903365976
ENSG00000138688,19182.546920182802,5.819802389784563
ENSG00000106628,53.11704078939313,0.13265593965104863
ENSG00000139200,314.92155759232327,0.6873535899774357
ENSG00000165416,1158.5146909648254,10.631877189944438
ENSG00000175283,4998.0,12.945531454781996
ENSG00000175287,133.77749241680573,0.33855495021952514
ENSG00000038382,18.750022618311466,0.2541784880500464
ENSG00000088854,15859.749870598438,11.382149840624246
ENSG00000119487,732.1667209400745,1.1603214183611932
ENSG00000109519,5766.254294284529,10.870245547822163
ENSG00000256566,265.0954441837944,2.2269629391237102
ENSG00000160447,1555.525744610802,2.3678747033091834
ENSG00000160446,2237.2246976461247,12.190540262223111
ENSG00000160445,16368.562042345677,19.411120144105343
ENSG00000179271,10344.726100791679,32.21055615995937
ENSG00000136206,74.44293849064188,0.14773233928740892
ENSG00000136205,454.0347035799596,0.44767855196545786
ENSG00000184005,180.90505193307416,0.12998838409307584
ENSG00000159131,20397.69412608422,31.392532401599297
ENSG00000005059,6826.96255046772,16.036821779004367
ENSG00000075239,17934.011989168685,56.621832905247445
ENSG00000153933,1441.6610765398077,0.8140877267758454
ENSG00000243207,1152.4013085019592,2.2755235231307718
ENSG00000136942,263.2944577109627,5.075952458194746
ENSG00000086848,2492.735312649915,2.7980193293033198
ENSG00000135655,1710.927786504058,0.5525028228649833
ENSG00000146648,187.06290399422662,0.24750841204773896
ENSG00000117868,51162.50441387818,42.57189701372527
ENSG00000111676,7189.368568301756,8.334064468073363
ENSG00000111678,25.01126994281996,0.16465111158006107
ENSG00000156304,8066.578862473748,9.726438406842863
ENSG00000105993,34.92015842525306,0.21693836003756545
ENSG00000187266,456.756140185863,1.0066496167165973
ENSG00000119522,185.91457662026977,0.19420967424493457
ENSG00000186130,3969.0,4.893910414910197
ENSG00000125485,386.9600931335998,0.8806435528206868
ENSG00000164023,20.56412979344236,0.2974598977308771
ENSG00000197233,30.0,0.20818028954829568
ENSG00000174021,206.20964148952265,3.2133353354025056
ENSG00000145388,6751.077412425623,4.996237545476851
ENSG00000145386,4420.09998239996,8.260335755604352
ENSG00000249624,253.24508642702293,1.6199288464809072
ENSG00000172322,266.18216217929444,1.0796536164993442
ENSG00000266086,425.0283763598777,4.44643024143122
ENSG00000197857,225.33494853669256,0.5963469341366502
ENSG00000151466,27.792761113083184,0.2768423317044275
ENSG00000111305,55.29827230993787,0.12307304799960196
ENSG00000165494,12808.470326163351,8.191147831203276
ENSG00000178202,48718.42405428186,57.01874578326607
ENSG00000179010,4741.254695187654,12.561702718311759
ENSG00000110660,5129.972783873737,8.358822381940309
ENSG00000181004,2081.7886755738614,3.3080120331487164
ENSG00000111206,50.01763552576553,0.1050145989341111
ENSG00000111203,4232.807935425689,9.55055849336265
ENSG00000164294,23696.26588312427,97.53122706389377
ENSG00000154997,315.6630771274125,0.4246504036042491
ENSG00000196466,477.51414554026076,0.5934178096555289
ENSG00000107290,456.81846790595216,0.5690402989525501
ENSG00000105011,4864.442387648108,12.816508756289602
ENSG00000015532,10061.056618802704,14.692997864032797
ENSG00000254445,2072.231183175014,15.514549907285952
ENSG00000083535,7169.702544922057,11.746926372080832
ENSG00000145526,518.7975290902442,3.841738024418793
ENSG00000076053,2213.190004984629,2.635112322772801
ENSG00000215218,253.0,0.29573968193858235
ENSG00000132670,952.8544868454906,1.3383874758455894
ENSG00000139668,12306.381341043845,6.442403360496115
ENSG00000162613,453.6185903242732,6.149330578802285
ENSG00000162614,1496.3590367513018,7.0661085681080165
ENSG00000162616,2396.0570852345472,16.458548889480657
ENSG00000267534,9428.516889710454,13.458540075537682
ENSG00000196782,3592.925209275281,2.588341950824733
ENSG00000104979,13648.744917362616,105.34513989914339
ENSG00000160563,87.60088415247947,0.4063881326360649
ENSG00000244165,1303.135317646602,3.6698239172018896
ENSG00000204397,132.02895741175848,1.461127038848615
ENSG00000137745,80.8620933475097,0.15609650708896589
ENSG00000198429,492.81528026092167,1.3347581307187375
ENSG00000136827,18369.605668071352,47.94635886379123
ENSG00000136828,334.21770362487854,0.26089496141181145
ENSG00000177990,173.16303089310415,0.21609935762501137
ENSG00000196814,2795.5987322984506,2.9081659477689117
ENSG00000068489,4567.532366697175,10.44992731957581
ENSG00000168092,30246.731894078584,36.42431427249756
ENSG00000149591,86939.54969201089,615.9156218937662
ENSG00000119397,217.0953914014117,0.6209563996618226
ENSG00000119396,37031.93722263158,45.203442891462785
ENSG00000119392,12292.267910185465,19.041629511742016
ENSG00000180332,1226.0,3.620213229519751
ENSG00000112414,816.441150498889,0.5723466934036375
ENSG00000164109,3868.222749387892,3.5226900901145304
ENSG00000088888,1781.0262127650558,0.745281522894619
ENSG00000179071,561.0,2.3070129423634342
ENSG00000173611,2919.802912057189,1.1718858831524066
ENSG00000125482,3707.414624043895,6.296049698036325
ENSG00000242110,440.52302189738253,0.5366247490055116
ENSG00000049541,362.8826722759104,1.3065590622703085
ENSG00000132405,15.560138056833768,0.18172145008816593
ENSG00000132406,759.8121881249061,2.437838927140981
ENSG00000198917,5182.479194695549,6.104589936020908
ENSG00000102996,963.0,1.1445755165792333
ENSG00000165171,133.21894185868567,0.925806070832738
ENSG00000172775,6705.938866721802,12.285336965947938
ENSG00000137675,253.0,0.7254034413918138
ENSG00000104774,15.656564871209415,0.2319662526882583
ENSG00000138735,1165.3190795992468,0.801755358706332
ENSG00000138738,4.0,0.41037534623494837
ENSG00000185305,1833.8701348469347,2.9101647145452576
ENSG00000123191,1229.5237830997753,0.9143492783021717
ENSG00000142453,3767.7881104689523,5.819480532890577
ENSG00000125835,19232.30573433604,101.87097538936949
ENSG00000125834,10205.781731529652,7.534140078125983
ENSG00000152582,567.9295321412724,0.9735364513886768
ENSG00000122641,10629.74533160513,8.686479904539187
ENSG00000170145,13773.046258539998,6.936941872523007
ENSG00000125166,13952.018464028457,30.037373156925312
ENSG00000036549,3573.3498760363454,3.9967920673278425
ENSG00000146729,43.59169731301405,0.5103156002664354
ENSG00000130717,76.72071319107528,0.20304068407224862
ENSG00000130714,533.1001246543505,0.8260811321478025
ENSG00000170801,21413.81187067344,44.5063953287805
ENSG00000015676,6905.427688404588,4.096384516011217
ENSG00000111110,323.40841385647553,0.2517528978648511
ENSG00000062725,16684.708105442285,12.726959184500158
ENSG00000132024,6237.291002385937,8.905970690400933
ENSG00000101220,304.10118098811773,2.1384123639087806
ENSG00000101224,4330.724890879206,7.304894091014089
ENSG00000109756,1581.4830075150944,12.942500085030082
ENSG00000164187,7839.485899646676,4.6921340622901555
ENSG00000164182,6093.661228580159,62.6477301768061
ENSG00000095139,4314.664039655344,14.11069105989627
ENSG00000106624,132101.62398734543,163.95100028335239
ENSG00000136143,44.88202687921679,0.7101761162799366
ENSG00000173875,1604.433868665182,1.2369751866094212
ENSG00000155545,273.90333212175557,0.26243317443676717
ENSG00000155542,168.70758843737576,1.23770240166856
ENSG00000178105,6093.866277988368,9.618866145252555
ENSG00000059804,33634.76760721854,43.63905197978052
ENSG00000188342,13445.423475873355,32.205755742741815
ENSG00000151012,20136.909091563568,10.177825361881695
ENSG00000151014,1333.6054141652573,3.7356753727484153
ENSG00000197958,206710.00640460354,2601.907751615817
ENSG00000117228,10044.844820265678,17.16291463523812
ENSG00000109381,14.946150863813353,0.27122342993653914
ENSG00000105607,2745.400968499239,7.672256110724175
ENSG00000154920,1047.8962458790559,2.389386308394253
ENSG00000095303,116.52185841979293,0.10804213287434704
ENSG00000165895,1127.2518957602408,0.9855094411244671
ENSG00000154027,24573.77000326839,38.95697328367956
ENSG00000234444,13.61058853666695,0.19924252066603854
ENSG00000140859,842.1611344790057,1.346784732076765
ENSG00000140853,476.06182850288764,0.49983391417286316
ENSG00000140854,4042.840284044447,7.973008882677906
ENSG00000118600,2912.317699510088,8.325062471028174
ENSG00000010626,190.48670310452124,0.8006935447188248
ENSG00000149289,4283.612324088783,2.3773070255598685
ENSG00000119383,1843.8365348373793,3.636286382245531
ENSG00000135540,1241.1472696902183,0.8131264999256944
ENSG00000118596,550.5348722385551,1.3114103384493514
ENSG00000155275,55.164933406221216,0.5111686780480077
ENSG00000145604,288.12636096358517,1.0690397178194602
ENSG00000101405,20.0,0.35907660910423217
ENSG00000181333,171.0,0.15949082107146514
ENSG00000150787,3796.3634346796944,26.616787478758827
ENSG00000146909,8681.319864982144,7.078403885615966
ENSG00000150782,30.888587935502233,0.16490150388485797
ENSG00000153147,46146.61720441296,28.56406338296723
ENSG00000159335,67.80923350327193,0.572680874282781
ENSG00000162664,1115.2471594705025,3.116652879631164
ENSG00000179630,1486.9489673392236,1.7620190090249999
ENSG00000089818,6743.884257909835,13.73959039928336
ENSG00000177125,5407.722722120713,4.068708458518931
ENSG00000005882,2492.380435052761,5.5627539175228495
ENSG00000005884,153.13157182866001,0.4661018257670198
ENSG00000180801,11634.549814232243,12.548769676863298
ENSG00000117114,173.97955629371086,1.4513481357958462
ENSG00000135736,2829.6022554957144,6.089102275546449
ENSG00000152953,1120.7001086457788,1.599720030339983
ENSG00000222018,261.0,2.485490152794021
ENSG00000205670,1035.4253942917835,5.108111665511066
ENSG00000185019,2160.9718530410537,2.34463554416155
ENSG00000122482,2949.6906175445793,2.5707385367816986
ENSG00000183439,1187.1878976420487,4.255094708699345
ENSG00000125901,4021.0,21.96069909865769
ENSG00000205208,5432.208077739218,7.899064796091896
ENSG00000148344,83.17641994326121,0.24515104377082436
ENSG00000148343,8.133784043631753,0.12229265513467936
ENSG00000148341,952.4314307628331,1.6590186356698218
ENSG00000166575,1914.2107850935124,2.4680476637418693
ENSG00000142188,56.200092185817965,0.6092397933838555
ENSG00000110330,315.9631820342671,3.3200877095475314
ENSG00000163132,6059.182212127962,17.104174133290712
ENSG00000182326,194.81483597893953,0.32802278530626094
ENSG00000106976,955.1944415980762,1.8484237519539901
ENSG00000101311,267.08177448966774,0.4135943221377573
ENSG00000185585,66.33194975319984,0.3891506718897325
ENSG00000006715,7047.286046144827,5.923202990998588
ENSG00000184985,3065.1786792332828,2.467421267546708
ENSG00000175764,1396.5360447766586,2.214678607369161
ENSG00000164070,660.0007130317045,1.1338215008183201
ENSG00000164074,149.19080669799936,0.36890352390912445
ENSG00000166002,219.11593771432317,1.648298520076532
ENSG00000166004,5061.983600896372,3.0794544443103002
ENSG00000120696,1585.5597827611382,1.6807283880794466
ENSG00000120694,87.49068960915217,0.7494295204183641
ENSG00000120693,1282.7147811911898,1.18612149177915
ENSG00000120690,142.26645295807558,0.24466667210903204
ENSG00000130176,2452.578252660749,8.46435943786691
ENSG00000006451,36706.113320950644,66.42511517857874
ENSG00000136819,11733.574023996167,36.22595848278696
ENSG00000136816,13786.403394050862,26.051526620300514
ENSG00000099203,5721.755242917952,25.095906269642814
ENSG00000056097,36545.07045035483,38.70399135311626
ENSG00000136108,106.08529182971762,1.5482836478833435
ENSG00000173391,162.319782269762,0.34945910395390417
ENSG00000136100,11931.82074994251,13.612099697958035
ENSG00000136104,3123.8285491002393,10.812445905072707
ENSG00000148200,159.5773507168757,0.11178532718693937
ENSG00000133083,666.7506133993002,0.7265756638687805
ENSG00000112851,901.1302887351985,0.5096454246919865
ENSG00000086189,8356.223266144523,15.243921605446802
ENSG00000101290,11858.526096437354,6.223745791815348
ENSG00000164136,316.31202300806723,1.2624765892861616
ENSG00000164134,17878.460654512215,14.222955626863477
ENSG00000197168,110.97302033533889,0.1392215555151342
ENSG00000126746,1378.4077474664937,2.174301576508063
ENSG00000126749,2392.6992970920483,13.698501257279906
ENSG00000130038,500.68569303344185,0.8055847314528096
ENSG00000088882,961.0,2.1378198047516404
ENSG00000088881,108.92495104500036,0.20428446987960477
ENSG00000077684,6557.734601399072,5.642691581461965
ENSG00000137959,22.145650667374625,0.3481833213970397
ENSG00000148180,40.212406351933716,0.6284012392774408
ENSG00000148187,2002.177188630932,6.001812761131743
ENSG00000197647,294.00270141857914,0.6758998279972689
ENSG00000171295,2028.9850947687605,2.4489788915203548
ENSG00000171291,185.37814405303126,0.4135516754801218
ENSG00000040731,1591.694752865656,2.374926163821058
ENSG00000174749,3990.767204114373,2.1906961199935466
ENSG00000273294,87.4968495459091,0.13112911887839973
ENSG00000105968,18435.926733993154,24.66830159864048
ENSG00000132622,154.0,0.2525771172818214
ENSG00000108821,8476943.9228473,6217.241473076797
ENSG00000108826,89.96224236468032,0.899888210274385
ENSG00000109445,191.92266161688542,1.9157544525221104
ENSG00000267561,141.55340373268547,0.3827327044116585
ENSG00000196757,1962.3366850034927,3.5484301023573375
ENSG00000120686,858.386077240508,7.847189883527211
ENSG00000249319,351.54441641182945,2.513000682505043
ENSG00000072840,58137.436841097115,44.68442708046953
ENSG00000165572,4830.480240072446,4.658299858198063
ENSG00000125863,3982.992043663132,2.927126800279749
ENSG00000159200,9.0,0.4367573681986245
ENSG00000198498,705.3079738363285,4.9596627238155575
ENSG00000188811,398.8980966511072,0.6353482101632505
ENSG00000055732,56.71453301256139,0.10772862550710832
ENSG00000130723,9294.130579038509,4.955156383928347
ENSG00000130720,800.3099122094266,1.3272800968655656
ENSG00000145431,6083.362387172059,7.3877079696240635
ENSG00000145439,36.94521306062385,0.18653068852466456
ENSG00000110274,22.018987447145857,0.2897476734828416
ENSG00000102796,537.8332906710099,2.823611996685289
ENSG00000181495,7150.852744660101,5.541933171501608
ENSG00000132017,3764.5050140113817,8.842980395686048
ENSG00000132010,42.419712979823416,0.6551665742219831
ENSG00000106682,9094.38574762028,17.824178224049447
ENSG00000047617,28.0,0.6029062691351332
ENSG00000170832,25107.54911720382,24.247101490050483
ENSG00000170836,2685.504512209512,2.818980981917654
ENSG00000176428,734.176230365279,2.5504933672620558
ENSG00000170835,640.7865007580124,1.4301739683299728
ENSG00000241837,95.15658721477881,1.3723441254761921
ENSG00000188997,5270.057460387463,7.515849866599657
ENSG00000197905,534.1825540214743,1.8382266916598327
ENSG00000106804,2384.895044643228,2.1731134254782587
ENSG00000108406,19076.07159966455,26.605368268825636
ENSG00000196262,31.67806213555225,0.4748106379785298
ENSG00000185290,102.0,1.3905863161104397
ENSG00000154978,31.607800416981927,0.5258747128711196
ENSG00000171169,429.32016672845305,2.8904180996709274
ENSG00000179218,899.8529565810646,6.110328147235135
ENSG00000137601,919.2087964783199,0.8083929336610898
ENSG00000157540,46.0,0.9195945113524566
ENSG00000157542,651.2670021681828,0.15937857909215777
ENSG00000129351,28035.081070553737,22.694878646353583
ENSG00000129353,310.68700954362754,4.441947569658986
ENSG00000129355,1647.03436473752,6.714932327404416
ENSG00000142892,16013.869724535625,17.515103481060805
ENSG00000108395,29.630054701718763,0.37199763177243766
ENSG00000153898,163.0121671879174,0.2960106889096121
ENSG00000107164,236.84045189363758,0.5704709391641706
ENSG00000197008,146.96183163972472,0.7899020131530257
ENSG00000250510,253.4882707254754,0.4791958825482417
ENSG00000177058,180.84231329049726,0.2639365843932325
ENSG00000122557,5725.345333716884,9.705593362636353
ENSG00000069702,31552.82273460958,24.118646990291843
ENSG00000102710,159.86369787448626,0.46884610912184993
ENSG00000139263,4773.802261697996,6.644342057815762
ENSG00000062194,2488.039892481306,2.6677762902774678
ENSG00000186280,228.0,0.3977321204506472
ENSG00000168884,111.58864593002676,0.3029223168758527
ENSG00000213782,52.3969763385864,0.19749840213746803
ENSG00000106603,257.2677305061209,0.8254372566368133
ENSG00000106605,9843.120558266906,57.46255993191184
ENSG00000106609,37463.972171450994,44.763373991611644
ENSG00000106608,106.7043426334422,0.12342246528161077
ENSG00000168303,4841.655546423597,3.1000490961245517
ENSG00000146676,20001.058036198625,10.770050123862477
ENSG00000153130,173.36320637799489,0.4822059014806678
ENSG00000153132,15133.9351346201,25.78399554653027
ENSG00000044574,335574.8081578071,436.22283329428984
ENSG00000198171,98.39284878651387,0.7694398577677605
ENSG00000133121,11058.951131945163,9.271987726139015
ENSG00000139192,163.87519318882084,0.5747658554507225
ENSG00000180855,602.6332735687366,1.1889657283333463
ENSG00000088833,551.5396954296081,0.7390331337348512
ENSG00000088836,155.881242165553,0.26080162725792216
ENSG00000189184,65203.42589995953,63.86588733102504
ENSG00000265303,8.028196001357985,0.1251022294804361
ENSG00000111269,217.37984351880715,2.514435627147178
ENSG00000111261,342.30210662896764,0.29142010135527546
ENSG00000164776,197.8429523106313,0.4770231229669698
ENSG00000148175,28562.19219156768,49.24557870505611
ENSG00000110852,12558.521374823478,41.327824827517716
ENSG00000167114,541.5225720891958,1.978277251086827
ENSG00000167110,21273.114229630777,25.221017265203816
ENSG00000167112,5655.405261444251,4.913500837936971
ENSG00000167113,3556.8047942287217,13.084309225417186
ENSG00000167118,11501.4662290727,22.815167025387783
ENSG00000102978,14059.769694630188,37.084934401211555
ENSG00000178878,107.2581796955225,1.5891275141641126
ENSG00000241127,2665.5489717306123,19.738607580890413
ENSG00000159110,1544.2437225516992,6.479606453016857
ENSG00000037757,641.060744670915,5.038058435423519
ENSG00000171488,5337.533810830677,3.6385260119994833
ENSG00000188033,655.833135121213,0.7820386639891517
ENSG00000095015,2072.2473365448477,1.4559267564989613
ENSG00000196935,6564.932403175902,1.349915400775
ENSG00000099810,6265.35222817949,5.06931510733791
ENSG00000089195,205.8535459605807,0.35299866390439993
ENSG00000111664,1972.7804640638299,3.585078825525125
ENSG00000111652,6522.7253201471785,16.560269964113722
ENSG00000111653,337.52812148431525,1.1038530468464374
ENSG00000068097,6842.17140719535,8.83621879618122
ENSG00000152558,465.83722591060297,0.7216162170706818
ENSG00000187240,18813.562406677214,6.6512480770196305
ENSG00000164040,54573.613604552134,103.20743924822173
ENSG00000136451,10316.709064852874,13.265582323004022
ENSG00000136450,34569.10973288854,57.371514848761784
ENSG00000136457,15.659724742404691,0.21887229538773423
ENSG00000137494,1942.4293183546251,2.4202411339464733
ENSG00000073331,2.1254775572298112,0.10050730293920293
ENSG00000072062,18690.970013976457,36.662911735374585
ENSG00000121068,353.6258678063474,0.5445918749662966
ENSG00000121060,34968.616532495456,30.298032141461256
ENSG00000121064,22866.394255787098,64.43343209654941
ENSG00000171566,12208.110185684354,18.727817898798616
ENSG00000136840,5004.694136377639,16.573004388919827
ENSG00000197837,38.55560766627323,0.11021388308156509
ENSG00000005379,141.2161540109606,0.17167035561099742
ENSG00000119333,8576.999825829118,27.18813479249123
ENSG00000119335,8.084490802824828,0.6502880989148078
ENSG00000165219,325.95979684030607,0.446735965983549
ENSG00000125827,18002.51402535779,14.450064015592282
ENSG00000008294,18606.409765897413,11.014138973790976
ENSG00000137513,2828.8752064292144,5.93674178381173
ENSG00000105583,10968.429328608321,22.588935756238655
ENSG00000152926,2057.552168280969,1.1065568686632121
ENSG00000164509,392.87700569168163,0.8598740877427068
ENSG00000239789,4328.759881183103,12.943365041711713
ENSG00000151388,19210.69718608002,10.702813730670552
ENSG00000103042,980.7550455787286,1.0844470358080376
ENSG00000137965,907.5042794091155,7.677968237087605
ENSG00000159197,58.0,0.34713768440859155
ENSG00000169271,972.0,8.767566131424344
ENSG00000176124,178.48090492966588,2.4401196429694227
ENSG00000145545,5425.295560969994,3.7446239052340284
ENSG00000139687,219.333271597585,0.8448493629154818
ENSG00000139684,38395.359530022804,195.09797826184447
ENSG00000169919,12344.254705655814,28.68471627105927
ENSG00000109472,38.495319455542585,0.587407429906287
ENSG00000109475,63262.84070004457,1487.4269574590505
ENSG00000138794,130.13423351722548,0.5671053364889298
ENSG00000104915,95.41422284317248,0.5556455063565504
ENSG00000109861,29810.7705676874,85.06240230064452
ENSG00000059691,3796.9462528616336,8.470434810965099
ENSG00000052802,23280.807798572838,54.93238176851364
ENSG00000137760,3442.0186960615715,4.274117114948003
ENSG00000011260,8770.980851512702,25.44034005421274
ENSG00000171873,1499.2742822025632,2.8801423378983104
ENSG00000159788,82.90949252191118,0.3093136781768103
ENSG00000065970,17347.70245713074,15.633060228515495
ENSG00000179115,105.5111106896545,0.27830275342413624
ENSG00000145362,1726.9089152300758,2.498872878600893
ENSG00000145365,2536.3604421859645,3.0865068887163725
ENSG00000004478,18553.104255097664,25.339648001545687
ENSG00000136159,5143.162998635049,13.263594698084257
ENSG00000136152,13333.337988625197,14.920374518789545
ENSG00000136153,1745.6209289720343,1.186726862164621
ENSG00000136156,38849.90325205223,18.658006221357418
ENSG00000151773,208.69712133733935,2.217367356741512
ENSG00000151778,63.3661168247383,0.6144943180351238
ENSG00000264545,102.08590240756489,0.7157372616483236
ENSG00000074211,234.02824650424128,0.28961848638561966
ENSG00000196358,487.2618101468985,0.5099005252638604
ENSG00000125388,474.73517784089967,1.2445800888655947
ENSG00000164162,6.092280650789983,0.1272927386042222
ENSG00000164167,847.5846488978428,7.8846785155272645
ENSG00000164168,12215.9535953,14.785997687007296
ENSG00000164169,1538.966896506784,2.233046614059429
ENSG00000102962,58.12744643272318,0.10326020950948502
ENSG00000178988,3009.719924425396,7.641249940558877
ENSG00000179058,110.74875903567165,0.38586610676757566
ENSG00000047621,5708.2362125540385,7.590840395229279
ENSG00000159063,21.127140477988764,0.21956889197682286
ENSG00000129116,149.5814369349893,0.12785141733401248
ENSG00000176410,3194.5861444073125,6.806600218269487
ENSG00000264364,27293.0,19.778996730300825
ENSG00000148288,100.06828883130689,0.2831518574285346
ENSG00000251184,8.370508262945965,0.26178013677232687
ENSG00000197614,129.6986945017542,1.8596882369310737
ENSG00000171159,3737.377292630463,38.92686470096782
ENSG00000165837,31.86526149550034,0.42841007455980756
ENSG00000198856,53380.017648917084,309.340148137848
ENSG00000157538,427.790101480007,0.3765665812682686
ENSG00000170365,22.020902357414723,0.2897728717712127
ENSG00000134352,90310.80957555718,48.69634825700351
ENSG00000198342,201.74152056165778,0.1605733789729335
ENSG00000142867,9680.599767291238,17.93579088570074
ENSG00000104998,1475.8196559842106,2.589712918588085
ENSG00000150510,116.1241078104976,0.122355994679716
ENSG00000106591,9442.436452023836,57.678447362989786
ENSG00000123200,20471.327369567935,12.516310849683826
ENSG00000170962,11622.13980005687,15.564242285825166
ENSG00000159259,3211.9556198103132,3.609592182743779
ENSG00000121316,247.45673270063241,0.5415985898999951
ENSG00000109452,8189.398028713968,4.532204969057968
ENSG00000246705,5625.101241046664,68.87117999711514
ENSG00000033327,1541.0452126391433,1.2619290253387963
ENSG00000196371,3948.2890652223955,3.229267984277939
ENSG00000109736,1367.1478412136837,4.273741584481269
ENSG00000109738,490.41647384743186,0.8113496079211548
ENSG00000256436,25.5,0.15862417750493432
ENSG00000160888,140.27937331841733,0.6444665221267252
ENSG00000102802,4297.0,9.635822014337961
ENSG00000102804,38214.43402382827,39.74445688056122
ENSG00000011454,486.90346420525833,0.6348524942842233
ENSG00000215305,8457.828291816386,16.10423688705935
ENSG00000102531,8279.36039592936,6.5165940458371265
ENSG00000213462,3799.3254090864307,7.3252912067663365
ENSG00000109501,3563.670315140282,5.641971014689652
ENSG00000197694,76973.21649139057,48.46088348509422
ENSG00000151376,1752.5189261325079,4.195681538373407
ENSG00000009335,41229.139454549135,39.3516054871749
ENSG00000205726,1890.3208999879396,2.453917803904138
ENSG00000095321,12557.253958591824,23.785702720811308
ENSG00000179262,2291.895069261882,9.960285842356607
ENSG00000159147,39.102555574508486,0.6677466241273655
ENSG00000159140,35316.40238506643,19.586050179159813
ENSG00000130305,103.09665441415049,0.24326238283199977
ENSG00000134531,196434.79058189318,164.57748923143873
ENSG00000065883,8262.933017678424,5.56872067411335
ENSG00000105397,35.548035902641814,0.6804691520793807
ENSG00000146674,100143.47026198577,230.2256203719644
ENSG00000188763,93.0,0.21215819492835422
ENSG00000112977,47459.22524705803,108.215315646247
ENSG00000107130,20109.578141529746,20.15903727789582
ENSG00000113597,2386.7293481190864,3.8220126473570204
ENSG00000113595,4510.363166221323,5.448152912366722
ENSG00000113593,462.8216617479281,3.7876280478904554
ENSG00000189050,913.532002024713,2.3520529077960908
ENSG00000111667,9480.873962806378,15.39007681717306
ENSG00000111665,1347.9242421710424,2.556273297993394
ENSG00000105983,91.46024619333404,0.45690635647017874
ENSG00000105982,132.4960591637556,1.1751756690390733
ENSG00000056050,5355.413970327021,26.14820983646015
ENSG00000082213,5172.297511767721,7.317043805278148
ENSG00000123892,1138.4534965360106,4.476058949345714
ENSG00000174032,568.4018642988816,0.46633754933248645
ENSG00000137460,349.0499213490975,0.26183221057678524
ENSG00000137463,1632.6719984219949,7.1676078352564545
ENSG00000121053,55.0,0.10651894844739802
ENSG00000121057,24.89795798933539,0.30022957197907896
ENSG00000121058,5255.0,10.424210298975
ENSG00000102743,212.42594961920335,1.1404716558292511
ENSG00000117133,205.17375911932686,2.086874898236222
ENSG00000078246,31.864263110170747,0.21005635972562986
ENSG00000118939,300.2877416824124,3.2480715287128854
ENSG00000133398,9180.226814172152,49.342605224823906
ENSG00000173041,1232.7822199544169,2.1162757006687185
ENSG00000108960,3061.0396490936646,5.863711642864045
ENSG00000118058,28705.546946207643,8.3327868505308
ENSG00000011105,2588.738220833091,3.0508634717260925
ENSG00000123154,1547.5396331107556,6.1250709800029774
ENSG00000121211,711.147761240786,4.754103443860945
ENSG00000121210,1744.1987170271702,1.738935334831006
ENSG00000171792,7.274275365560947,0.12931376236789713
ENSG00000052795,3950.3896789669993,2.8112821242883346
ENSG00000149346,1600.0937068038688,1.3080249031288764
ENSG00000164283,1105.5223342130744,2.7450663650133533
ENSG00000109917,3224.767474298823,7.265732826111994
ENSG00000005194,5544.850837081611,13.675094335305038
ENSG00000253797,12502.99960955818,11.25438023096216
ENSG00000048028,1634.758061723908,1.7584169934809795
ENSG00000174720,9046.612104969148,21.167028922530463
ENSG00000170917,16.0,0.39084254112220995
ENSG00000076043,14575.160092256594,76.60401265310831
ENSG00000168724,15742.493090689333,36.42075790472652
ENSG00000188725,13277.056837295268,23.944589184880073
ENSG00000164096,52005.23999179688,91.32439795737572
ENSG00000164093,104.7398558147609,0.2410261052432829
ENSG00000164099,30774.14814538795,32.08364429852539
ENSG00000171517,262.1414527193658,0.40291906339963535
ENSG00000204381,80.25806980716303,1.2777101970840377
ENSG00000137752,20.88882075445351,0.17610243377631885
ENSG00000272921,47.42399511784372,0.4019489822203054
ENSG00000125885,3538.787610074088,4.782302686166267
ENSG00000136830,36935.81917321802,50.04320147947231
ENSG00000243335,8791.38714461348,9.038362830536155
ENSG00000089693,9254.998639049385,39.18025113740146
ENSG00000136161,2339.593285460132,3.73267200247204
ENSG00000136169,2983.414452296124,2.4069113802816418
ENSG00000145491,28.953595024069028,0.13301757946888115
ENSG00000145495,14500.67896825566,24.537682597284125
ENSG00000269590,13.891551863378632,0.19918439188833756
ENSG00000013583,12146.020014397009,62.99946291521298
ENSG00000013588,447.47084044097755,0.2988515227607282
ENSG00000239672,16130.058439050641,112.2604058929027
ENSG00000136877,39.104199408912585,0.3326003639051507
ENSG00000138802,2851.5568394843017,3.5530019514698883
ENSG00000166263,206.7092368637157,4.573820905996916
ENSG00000166266,12738.66890703269,9.919499343912893
ENSG00000152404,3925.3409964586035,6.167230403529026
ENSG00000152402,8204.602444743277,2.440965023868289
ENSG00000149582,146.6766426341687,0.31867309086360385
ENSG00000074266,3916.867968055732,9.45845985798481
ENSG00000154124,227.9175542212124,1.6567178362571766
ENSG00000010270,5089.870118992274,16.430729946777614
ENSG00000255663,75.91912695645223,0.76410137549001
ENSG00000183722,26849.09195233552,68.79183833116497
ENSG00000159579,51.61916220080079,0.5634059622893118
ENSG00000164112,114.35365119027699,0.30587780401181536
ENSG00000164114,4972.993393210161,3.334918332925575
ENSG00000107021,10531.374908753993,13.697527232759727
ENSG00000243646,13273.210075716033,36.940795971862876
ENSG00000139083,6204.853486936148,5.13688001736567
ENSG00000269755,112.8048701906313,1.603440603518926
ENSG00000087266,1682.7171913643374,3.9783807939374407
ENSG00000109670,2573.0922170192534,2.5876220237664658
ENSG00000214212,22.099885009198218,0.13078582165156583
ENSG00000150687,3669.4049236028427,48.68134917247735
ENSG00000013288,32467.28011573149,31.534341968716813
ENSG00000079805,6871.159049277677,12.958304030311556
ENSG00000009954,28750.895501563085,23.342050628672332
ENSG00000119446,9614.8881072827,9.673282577428928
ENSG00000126870,6279.026855335523,8.48545047216115
ENSG00000253710,153.37505130452476,0.6351318758177911
ENSG00000083544,499.627592001003,0.8586258977472276
ENSG00000172766,2826.270340231482,3.2794761338649194
ENSG00000142168,36415.71148610357,244.13116024420907
ENSG00000150753,9984.944106810472,13.864848327223287
ENSG00000150756,1519.1034561855488,4.316455089880004
ENSG00000185808,1497.5369908482471,1.0541742128374083
ENSG00000142444,2096.324188981335,8.524702806165687
ENSG00000149218,14315.0,15.335254514467223
ENSG00000149212,22447.226455662858,11.451671429281923
ENSG00000159263,42.326474223256966,0.10158955288488682
ENSG00000120675,2206.879321255528,15.72838816547238
ENSG00000256646,6657.755765100119,14.544722864980775
ENSG00000204899,5267.0,12.245083995989233
ENSG00000146731,54425.13034120535,104.93439908096953
ENSG00000146733,1593.6722338295565,6.570780656734685
ENSG00000177692,128.55127563365622,0.5566280518898361
ENSG00000130707,25718.999025563113,93.45231509560374
ENSG00000145414,19.53566624662413,0.590418953402401
ENSG00000145416,639.0,0.5934254403804434
ENSG00000165714,182.01677145305368,2.6485062905488834
ENSG00000101236,24697.097391345862,16.285779812184607
ENSG00000164442,95735.83807977552,216.73196134420897
ENSG00000164440,119.57837652386496,0.1262198964185027
ENSG00000164197,161.6114243816262,0.5220568729214661
ENSG00000214376,57.63734655506356,0.10087867075402007
ENSG00000188352,1672.165325921524,1.3589797482488202
ENSG00000105612,11859.232673862056,33.16116580833627
ENSG00000165699,17911.523337748513,10.182278315945785
ENSG00000165698,1756.4527443231318,3.6586193891122116
ENSG00000165695,91.49427975863013,0.23933515926721133
ENSG00000053702,455.8656709829275,0.8693925720015645
ENSG00000160404,94.37184241972055,0.4027495865317945
ENSG00000160401,200.0214515005189,0.44853877256423846
ENSG00000160408,11924.079426954204,25.694732437292807
ENSG00000136908,2272.137008843167,7.679611938024849
ENSG00000196954,63.65741266796398,0.7076433831987972
ENSG00000112941,9992.595479853167,9.115745349208494
ENSG00000151612,8254.997478348487,5.435961548159701
ENSG00000151611,2367.0019375330676,1.6490963064971738
ENSG00000039560,30375.695554551225,29.81414187362994
ENSG00000140848,1953.1543780258328,3.88253957726264
ENSG00000111639,20272.229473648884,98.57488934752547
ENSG00000149292,501.80174295623647,1.1575474625493156
ENSG00000254535,1118.0,1.1319914367346784
ENSG00000101384,7834.8386815782505,6.420214693209361
ENSG00000198743,16669.015134665537,6.987579599244612
ENSG00000123739,7820.99400120078,7.4693417557729305
ENSG00000123737,6403.4163064546065,24.84686325877741
ENSG00000067113,1763.2474904317658,6.476361397592626
ENSG00000170276,951.0303267437887,4.190637722601128
ENSG00000102738,122.8055230216432,1.1119499346236361
ENSG00000142207,15996.516976809276,7.17750481419081
ENSG00000118369,374.98996142147354,0.8233843490416247
ENSG00000153936,810.1372203566411,2.8971113288840735
ENSG00000106665,18865.252753804627,17.25628015245763
ENSG00000150776,2495.6068025081818,5.737294931050931
ENSG00000106089,2136.4160508560403,5.51855753088918
ENSG00000139190,113.61382815348917,0.6657167876038659
ENSG00000139194,304.1115593635318,1.9143329020645752
ENSG00000166188,3471.7015908812696,4.156495016352617
ENSG00000183580,10378.38134881526,11.440989186291583
ENSG00000161847,1153.981084985178,1.6408085375693273
ENSG00000255561,503.3349646882383,0.9436119524727032
ENSG00000167447,76.9494851651138,0.11342314050136222
ENSG00000133107,967.6512681581454,1.2079012194055134
ENSG00000133104,3011.793087496039,3.1538111980946795
ENSG00000133103,157.91854406123315,0.14988279702107005
ENSG00000088812,24331.73189295947,13.784117631285383
ENSG00000153015,8948.884008513824,23.331737691847223
ENSG00000106780,9593.92849877224,7.536272908941509
ENSG00000056558,1553.807511421267,1.215323209192123
ENSG00000167136,1227.5004076653802,6.373816579738507
ENSG00000167130,2976.87062090274,7.360896335224996
ENSG00000183401,9.654537981420717,0.15132099496407553
ENSG00000137975,265.68891696150473,0.33464825310984975
ENSG00000171204,3638.244954738863,23.623059870305973
ENSG00000171202,603.2075648566016,6.109184071614569
ENSG00000148356,3218.73170431569,5.288218435333206
ENSG00000109686,15.785624749257199,0.2936256436584931
ENSG00000141378,4.014955638600854,0.10847705927847193
ENSG00000185742,5298.0,4.467977433350033
ENSG00000142731,1790.9568630733827,2.3716517943508735
ENSG00000145220,30.33884200649088,0.3072666543585981
ENSG00000109534,2644.4848368514968,16.668719081612668
ENSG00000142197,176.14309684175996,2.2748892563291996
ENSG00000134627,238.57054062841718,0.6890281156662096
ENSG00000162654,388.6832065175509,0.3142168029066366
ENSG00000215251,4155.398729981537,7.537055012327132
ENSG00000108506,3067.9682459198475,2.5900808175466072
ENSG00000071127,103995.2474700729,176.4817010673703
ENSG00000184995,338.0,1.317992572887266
ENSG00000125779,3260.6361137180024,3.3949060044034236
ENSG00000106571,18383.643126426658,10.971249437907716
ENSG00000084463,16664.517433763896,18.01904325647591
ENSG00000178636,83.8989242703206,0.21648284203140644
ENSG00000137707,21.28330085819942,0.13291678886327973
ENSG00000166037,56.410288342851146,0.19272097915219283
ENSG00000120688,8334.418251850473,16.721545629022142
ENSG00000130164,12862.704056377259,18.16926790746931
ENSG00000120685,8025.557778049981,7.755253957715183
ENSG00000171502,306.1605764771544,0.22119612340610964
ENSG00000171503,9.383582781781504,0.21609816020279218
ENSG00000136861,464.5949308434505,0.4164595710347968
ENSG00000119414,15509.617731251099,19.06442267845036
ENSG00000173013,380.0,0.9837170364213648
ENSG00000067182,187.26654538098163,0.490672497662923
ENSG00000183291,23133.72895501815,72.07920581192853
ENSG00000002746,454.7748890455217,0.23343864499090258
ENSG00000122420,422.16978281656407,0.49106774158348626
ENSG00000151458,12292.362055942322,6.832370247787787
ENSG00000088899,193.0699896713192,0.18324554753712602
ENSG00000109625,4539.222445751746,10.721216147442936
ENSG00000160951,55.0,0.22442696466021306
ENSG00000159267,9500.426783445238,7.836505633897467
ENSG00000149451,24167.577705371805,41.80532624211563
ENSG00000011052,1927.9406364794422,11.992862656466318
ENSG00000163956,12116.406320647005,7.603037160581866
ENSG00000145569,187.0,0.2657299993010306
ENSG00000146918,145.2044979858592,0.1777485325916934
ENSG00000105953,2397.306786633649,4.206703935667376
ENSG00000132635,280.57559841380083,4.746352018482659
ENSG00000132639,119.18809696194418,0.31507872096299677
ENSG00000109458,3070.961822077193,1.886603020335607
ENSG00000105376,176.82230021383643,0.3059806088626625
ENSG00000166260,435.25697690972606,0.8587405496198777
ENSG00000109846,2107.8418213996183,13.181077910255299
ENSG00000126522,2250.8856953903664,5.666163325979118
ENSG00000126524,47840.85845080476,165.3493508311104
ENSG00000154447,11904.19813137773,11.26464551498149
ENSG00000125872,52.0,0.101370923295585
ENSG00000125877,250.11990829440947,1.5417346953355295
ENSG00000159231,3085.115380876705,16.072285530973495
ENSG00000170185,4566.027627933587,5.587949178946367
ENSG00000178665,79.75822829404353,0.1622160511227584
ENSG00000145349,11040.110373029285,10.40133986468685
ENSG00000141858,9665.363581775217,24.06254182505892
ENSG00000070018,4799.922606166827,2.3328342070782533
ENSG00000023516,26746.416098820435,13.133701814768706
ENSG00000149577,7146.077434626479,8.174032848833734
ENSG00000117054,2549.6861852978705,5.124165097080382
ENSG00000085871,998.3787294767409,8.724648428391548
ENSG00000267318,29.125614406883166,0.5866905906702602
ENSG00000187676,7490.510480152314,8.893948275021678
ENSG00000101265,269.9858381582707,0.2591507548987106
ENSG00000164144,902.0936418470259,1.351942898688492
ENSG00000168876,411.0713127774253,0.970428630951856
ENSG00000197465,881.0801682965953,2.932015517369342
ENSG00000164111,497888.9862560506,1570.9055398627831
ENSG00000105520,10640.900638956222,20.44970905848073
ENSG00000249709,2443.335623945598,4.3307218027017305
ENSG00000197919,21.765210091827324,0.1707686203907339
ENSG00000250486,179.0,0.4430744517357699
ENSG00000198053,2739.1147741442655,3.2960407806604173
ENSG00000136274,3740.6252917702036,3.9248072120305824
ENSG00000136273,1415.528216188136,3.6054006695209586
ENSG00000136271,1760.0769937185478,4.019077533666509
ENSG00000136270,6858.129073042545,16.394134329677517
ENSG00000136279,15849.336361580728,48.52237753438008
ENSG00000198874,21.768930560642758,0.4167061651688789
ENSG00000157557,93.44130819050196,0.12054211517392784
ENSG00000129347,868.3582242712072,1.181912185826542
ENSG00000087008,2223.380092632006,4.054463770721396
ENSG00000078053,7024.111585620323,11.544268831944011
ENSG00000151623,175.85905193249104,0.15298508970919902
